Name;E-mail;"Mobile No.";Occupation;City;Gender;Subscribe;"Created At";"Updated at"
Test;tset@test.com;321321321;"sdas scsd";dsads;male;Subscribe;"0000-00-00 00:00:00";"2016-07-26 13:45:11"
"xzcz cx";test@test.com;12321321;"sadc sc ";sdasd;female;Unsubscribe;"0000-00-00 00:00:00";"2016-07-26 11:43:57"
dsa;dfs@sddd.dsad;4343;dfsf;dfdsf;male;Subscribe;"2016-07-22 13:36:31";"2016-07-26 12:18:48"
fdsf;fdsds@dsas.asdsa;321323;sdffds;fdfdf;male;Subscribe;"2016-07-22 13:40:15";"2016-07-22 13:40:15"
dsfdf;sddsf@dsd.cz;3213;fdsf;dfds;male;Subscribe;"2016-07-22 13:46:38";"2016-07-22 13:46:38"
dsa;dsf@sdddsa.sdsa;2313213;cvdsf;dfdsf;male;Subscribe;"2016-07-22 13:53:00";"2016-07-22 13:53:00"
hfghf;hf@sda.cxz;123;dsa;sdsa;male;Subscribe;"2016-07-22 13:57:33";"2016-07-22 13:57:33"
aa;dsa@ds.sda;3213;dsad;sdad;male;Subscribe;"2016-07-25 06:08:48";"2016-07-26 12:02:19"
te;df@dssa.dsf;2323;sad;fds;female;Subscribe;"2016-07-25 06:09:03";"2016-07-26 12:21:08"
gfh;dfs2ds@kk.dd;232;dsf;fsdf;male;Subscribe;"2016-07-26 12:28:17";"2016-07-26 12:28:17"
sd;test@test.com1;34234;dffs;fdsf;male;Subscribe;"2016-07-26 12:29:35";"2016-07-26 12:29:35"
